{"cameraMode":{"drawMode":0,"name":"Shaded","section":"Shading Mode"},"sceneLighting":false,"audioPlay":false,"sceneViewState":{"showFog":true,"showMaterialUpdate":false,"showSkybox":false,"showFlares":true,"showImageEffects":true,"showParticleSystems":true},"in2DMode":false,"pivot":{"x":2.9499716758728029,"y":0.8871052861213684,"z":-9.076655387878418},"rotation":{"x":0.1005702018737793,"y":0.8945971131324768,"z":-0.254824697971344,"w":0.35306546092033389},"size":0.6992989182472229,"orthographic":false}