{"cameraMode":{"drawMode":0,"name":"Shaded","section":"Shading Mode"},"sceneLighting":false,"audioPlay":false,"sceneViewState":{"showFog":true,"showMaterialUpdate":false,"showSkybox":false,"showFlares":true,"showImageEffects":true,"showParticleSystems":true},"in2DMode":false,"pivot":{"x":2.7004318237304689,"y":0.9534006118774414,"z":-5.585999965667725},"rotation":{"x":-0.13151811063289643,"y":-0.1896817535161972,"z":0.025648508220911027,"w":-0.9726769924163818},"size":0.2580755949020386,"orthographic":false}