{"cameraMode":{"drawMode":0,"name":"Shaded","section":"Shading Mode"},"sceneLighting":false,"audioPlay":false,"sceneViewState":{"showFog":true,"showMaterialUpdate":false,"showSkybox":false,"showFlares":true,"showImageEffects":true,"showParticleSystems":true},"in2DMode":false,"pivot":{"x":4.655683994293213,"y":0.9829999804496765,"z":4.319866180419922},"rotation":{"x":-0.06014926731586456,"y":-0.5069664120674133,"z":0.03549646958708763,"w":-0.8591494560241699},"size":1.0551735162734986,"orthographic":false}