{"cameraMode":{"drawMode":0,"name":"Shaded","section":"Shading Mode"},"sceneLighting":true,"audioPlay":false,"sceneViewState":{"showFog":true,"showMaterialUpdate":false,"showSkybox":true,"showFlares":true,"showImageEffects":true,"showParticleSystems":true},"in2DMode":false,"pivot":{"x":0.7549777030944824,"y":0.7849717736244202,"z":-9.760167121887207},"rotation":{"x":-0.12546518445014954,"y":-0.7076879143714905,"z":0.13109587132930757,"w":-0.6833709478378296},"size":1.202362060546875,"orthographic":false}