{"cameraMode":{"drawMode":0,"name":"Shaded","section":"Shading Mode"},"sceneLighting":true,"audioPlay":false,"sceneViewState":{"showFog":true,"showMaterialUpdate":false,"showSkybox":true,"showFlares":true,"showImageEffects":true,"showParticleSystems":true},"in2DMode":false,"pivot":{"x":1.8256936073303223,"y":1.4116017818450928,"z":-7.708774089813232},"rotation":{"x":0.10749876499176026,"y":0.6543753147125244,"z":-0.09508057683706284,"w":0.7425412535667419},"size":1.0632011890411378,"orthographic":false}