{"cameraMode":{"drawMode":0,"name":"Shaded","section":"Shading Mode"},"sceneLighting":true,"audioPlay":false,"sceneViewState":{"showFog":true,"showMaterialUpdate":false,"showSkybox":true,"showFlares":true,"showImageEffects":true,"showParticleSystems":true},"in2DMode":false,"pivot":{"x":-0.0001499950885772705,"y":0.7499634027481079,"z":-11.13849925994873},"rotation":{"x":-0.26322564482688906,"y":-0.23967508971691132,"z":0.06856748461723328,"w":-0.9322747588157654},"size":2.8393330574035646,"orthographic":false}