{"cameraMode":{"drawMode":0,"name":"Shaded","section":"Shading Mode"},"sceneLighting":false,"audioPlay":false,"sceneViewState":{"showFog":true,"showMaterialUpdate":false,"showSkybox":false,"showFlares":true,"showImageEffects":true,"showParticleSystems":true},"in2DMode":false,"pivot":{"x":-5.912121772766113,"y":8.519383430480957,"z":-28.873046875},"rotation":{"x":0.2720032334327698,"y":0.3589687645435333,"z":-0.11036930233240128,"w":0.8861044049263},"size":21.001049041748048,"orthographic":false}