{"cameraMode":{"drawMode":0,"name":"Shaded","section":"Shading Mode"},"sceneLighting":false,"audioPlay":false,"sceneViewState":{"showFog":true,"showMaterialUpdate":false,"showSkybox":false,"showFlares":true,"showImageEffects":true,"showParticleSystems":true},"in2DMode":false,"pivot":{"x":3.4454116821289064,"y":0.9084343910217285,"z":-9.118494033813477},"rotation":{"x":0.1005702018737793,"y":0.8945971131324768,"z":-0.254824697971344,"w":0.35306546092033389},"size":0.4002602696418762,"orthographic":false}