{"cameraMode":{"drawMode":0,"name":"Shaded","section":"Shading Mode"},"sceneLighting":false,"audioPlay":false,"sceneViewState":{"showFog":true,"showMaterialUpdate":false,"showSkybox":false,"showFlares":true,"showImageEffects":true,"showParticleSystems":true},"in2DMode":false,"pivot":{"x":2.7613449096679689,"y":0.9436355233192444,"z":-5.732694625854492},"rotation":{"x":0.3943087160587311,"y":0.1586465686559677,"z":-0.0693078339099884,"w":0.9025346636772156},"size":0.3180522322654724,"orthographic":false}