{"cameraMode":{"drawMode":0,"name":"Shaded","section":"Shading Mode"},"sceneLighting":true,"audioPlay":false,"sceneViewState":{"showFog":true,"showMaterialUpdate":false,"showSkybox":true,"showFlares":true,"showImageEffects":true,"showParticleSystems":true},"in2DMode":false,"pivot":{"x":3.4853878021240236,"y":1.0213115215301514,"z":-5.977386474609375},"rotation":{"x":0.2566801607608795,"y":0.3037671446800232,"z":-0.08534795790910721,"w":0.9135870337486267},"size":0.9792073965072632,"orthographic":false}