{"cameraMode":{"drawMode":0,"name":"Shaded","section":"Shading Mode"},"sceneLighting":false,"audioPlay":false,"sceneViewState":{"showFog":true,"showMaterialUpdate":false,"showSkybox":false,"showFlares":true,"showImageEffects":true,"showParticleSystems":true},"in2DMode":false,"pivot":{"x":0.0009269043803215027,"y":0.001212187111377716,"z":-0.05150765925645828},"rotation":{"x":-0.1442170888185501,"y":0.049544427543878558,"z":-0.0072621130384504799,"w":-0.9883325695991516},"size":0.3716244697570801,"orthographic":false}