{"cameraMode":{"drawMode":0,"name":"Shaded","section":"Shading Mode"},"sceneLighting":false,"audioPlay":false,"sceneViewState":{"showFog":true,"showMaterialUpdate":false,"showSkybox":false,"showFlares":true,"showImageEffects":true,"showParticleSystems":true},"in2DMode":false,"pivot":{"x":1.9856232404708863,"y":0.739332914352417,"z":4.108658790588379},"rotation":{"x":-0.2766759395599365,"y":-0.15994839370250703,"z":0.04673093557357788,"w":-0.9464589953422546},"size":0.15196697413921357,"orthographic":false}