{"cameraMode":{"drawMode":0,"name":"Shaded","section":"Shading Mode"},"sceneLighting":false,"audioPlay":false,"sceneViewState":{"showFog":true,"showMaterialUpdate":false,"showSkybox":false,"showFlares":true,"showImageEffects":true,"showParticleSystems":true},"in2DMode":false,"pivot":{"x":-1.5273690223693848e-7,"y":5.052424967288971e-8,"z":-2.2351741790771486e-8},"rotation":{"x":0.000005986576525174314,"y":-0.00000356738723894523,"z":0.0000011861565099025029,"w":0.9999999403953552},"size":0.10913302004337311,"orthographic":true}