{"cameraMode":{"drawMode":0,"name":"Shaded","section":"Shading Mode"},"sceneLighting":false,"audioPlay":false,"sceneViewState":{"showFog":true,"showMaterialUpdate":false,"showSkybox":false,"showFlares":true,"showImageEffects":true,"showParticleSystems":true},"in2DMode":false,"pivot":{"x":4.2356953620910648,"y":1.0192508697509766,"z":-5.7281494140625},"rotation":{"x":-1.613406510614368e-7,"y":-0.0000016647458096485935,"z":-6.49429949817204e-8,"w":1.0},"size":0.2505928874015808,"orthographic":true}