{"cameraMode":{"drawMode":0,"name":"Shaded","section":"Shading Mode"},"sceneLighting":false,"audioPlay":false,"sceneViewState":{"showFog":true,"showMaterialUpdate":false,"showSkybox":false,"showFlares":true,"showImageEffects":true,"showParticleSystems":true},"in2DMode":false,"pivot":{"x":4.585000038146973,"y":0.9824000597000122,"z":-6.366799831390381},"rotation":{"x":-0.10348603129386902,"y":-0.6433960795402527,"z":0.0883663222193718,"w":-0.7533931732177734},"size":0.21071749925613404,"orthographic":false}