{"cameraMode":{"drawMode":0,"name":"Shaded","section":"Shading Mode"},"sceneLighting":true,"audioPlay":false,"sceneViewState":{"showFog":true,"showMaterialUpdate":false,"showSkybox":true,"showFlares":true,"showImageEffects":true,"showParticleSystems":true},"in2DMode":false,"pivot":{"x":3.25162410736084,"y":0.33882325887680056,"z":-4.417203903198242},"rotation":{"x":0.20099496841430665,"y":0.03557754307985306,"z":-0.007263646926730871,"w":0.9789636731147766},"size":2.4628562927246095,"orthographic":false}