{"cameraMode":{"drawMode":0,"name":"Shaded","section":"Shading Mode"},"sceneLighting":true,"audioPlay":false,"sceneViewState":{"showFog":true,"showMaterialUpdate":false,"showSkybox":true,"showFlares":true,"showImageEffects":true,"showParticleSystems":true},"in2DMode":false,"pivot":{"x":0.8705397844314575,"y":1.555320382118225,"z":-10.494441986083985},"rotation":{"x":0.2708548903465271,"y":0.39145931601524355,"z":-0.1217353343963623,"w":0.8709703087806702},"size":2.9521536827087404,"orthographic":false}