{"cameraMode":{"drawMode":0,"name":"Shaded","section":"Shading Mode"},"sceneLighting":false,"audioPlay":false,"sceneViewState":{"showFog":true,"showMaterialUpdate":false,"showSkybox":false,"showFlares":true,"showImageEffects":true,"showParticleSystems":true},"in2DMode":false,"pivot":{"x":2.360300064086914,"y":0.7308424115180969,"z":4.172599792480469},"rotation":{"x":-0.1886618435382843,"y":-0.3971344232559204,"z":0.08374820649623871,"w":-0.894302248954773},"size":0.12131314724683762,"orthographic":false}