{"cameraMode":{"drawMode":0,"name":"Shaded","section":"Shading Mode"},"sceneLighting":true,"audioPlay":false,"sceneViewState":{"showFog":true,"showMaterialUpdate":false,"showSkybox":true,"showFlares":true,"showImageEffects":true,"showParticleSystems":true},"in2DMode":false,"pivot":{"x":4.504415512084961,"y":0.9307940602302551,"z":-7.583840370178223},"rotation":{"x":0.2985713481903076,"y":0.6361083388328552,"z":-0.292978972196579,"w":0.6489822268486023},"size":1.0485084056854249,"orthographic":false}